Dataset	Domains w/ ext	Google	Facebook	Twitter	Microsoft	Amazon	Adobe	Yahoo!	AddThis	AppNexus	comScore	Quantcast
alexa.2014-09-01.top.se.10000-https-www	630	0.9476190476190476	0.353968253968254	0.09682539682539683	0.0380952380952381	0.1761904761904762	0.05714285714285714	0.012698412698412698	0.06349206349206349	0.12063492063492064	0.09365079365079365	0.004761904761904762
alexa.2014-09-01.top.dk.10000-https-www	406	0.9014778325123153	0.3275862068965517	0.06896551724137931	0.014778325123152709	0.16502463054187191	0.08620689655172414	0.009852216748768473	0.06403940886699508	0.14039408866995073	0.08866995073891626	0.0049261083743842365
alexa.2014-09-01.top.10000-https-www	2801	0.902891824348447	0.3770082113530882	0.20242770439128882	0.014994644769725098	0.24455551588718316	0.10924669760799714	0.04391288825419493	0.057836486968939664	0.16422706176365584	0.17065333809353803	0.09246697607997144
se.2014-07-10.random.100000-https-www	285	0.9087719298245615	0.23508771929824562	0.031578947368421054	0.010526315789473684	0.14385964912280702	0.03859649122807018	0.0035087719298245615	0.03859649122807018	0.042105263157894736	0.04912280701754386	0
dk.2014-07-23.random.10000-https-www	22	0.9090909090909091	0.13636363636363635	0.045454545454545456	0	0.13636363636363635	0.045454545454545456	0	0.045454545454545456	0.045454545454545456	0.045454545454545456	0
com.2014-08-29.random.10000-https-www	43	0.8604651162790697	0.3023255813953488	0.16279069767441862	0	0.09302325581395349	0.023255813953488372	0.023255813953488372	0.06976744186046512	0.09302325581395349	0.11627906976744186	0.023255813953488372
net.2014-08-29.random.10000-https-www	20	0.85	0.35	0.2	0	0.05	0.05	0	0	0.05	0.05	0
alexa.2014-09-01.random.10000-https-www	1139	0.9236172080772608	0.30465320456540823	0.17295873573309922	0.006145741878841089	0.14398595258999122	0.04214223002633889	0.021949078138718173	0.0684811237928007	0.07901668129938542	0.09482001755926252	0.029850746268656716
